"CARRIER","n.x","pfail_raw.x","pdelay1hr_raw.x","pfail.x","pdelay1hr.x","n.y","pfail_raw.y","pdelay1hr_raw.y","pfail.y","pdelay1hr.y"
"AA",567,0.0194003527336861,0.105820105820106,0.0352513871678229,0.134620811867083,566,0.0159010600706714,0.0989399293286219,0.0308226889975586,0.127080391031727
"DL",3093,0.00484966052376334,0.0413837698027805,0.00814451005024259,0.0491830082476438,3094,0.00355526826115061,0.0339366515837104,0.00651903061022888,0.0410999849693493
"EV",3754,0.0285029302077784,0.102290889717635,0.0344799270593566,0.112618703095102,3754,0.028236547682472,0.0990942994139584,0.0341894016161027,0.109287675998129
"MQ",1038,0.0298651252408478,0.0963391136801541,0.0425198964244411,0.116300313728289,1038,0.0163776493256262,0.0529865125240848,0.0265239456295047,0.0687916181920583
"OO",581,0.0378657487091222,0.142857142857143,0.057427128930644,0.174439220054516,582,0.0257731958762887,0.108247422680412,0.0428766530047564,0.136866826492733
"US",1,0,0,0.838178046004133,0.838178046004133,1,0,0,0.838178046004133,0.838178046004133
"WN",4836,0.010545905707196,0.0692721257237386,0.0139422066366706,0.0769450119364179,4835,0.00868665977249224,0.0717683557394002,0.0118218736715468,0.0795599329646476
