"CARRIER","n.x","pfail_raw.x","pdelay1hr_raw.x","pfail.x","pdelay1hr.x","n.y","pfail_raw.y","pdelay1hr_raw.y","pfail.y","pdelay1hr.y"
"AA",3866,0.0263838592860838,0.0851008794619762,0.0320723916951157,0.0945209192431788,3864,0.0235507246376812,0.0797101449275362,0.0289694995658412,0.0888761823253433
"DL",4944,0.00647249190938511,0.0463187702265372,0.00922024404824103,0.0526837770845276,4944,0.00566343042071197,0.0438915857605178,0.00827024897658797,0.0501081026532361
"EV",5976,0.0374832663989291,0.109270414993307,0.0427245774109323,0.117608932386507,5968,0.0330093833780161,0.11176273458445,0.0379670834485621,0.120185291269985
"F9",531,0.00376647834274953,0.0395480225988701,0.0149252685494499,0.0605293873851884,531,0.00376647834274953,0.0263653483992467,0.0149252685494499,0.0446345155158028
"MQ",4714,0.0649130250318201,0.171404327535002,0.0724745295027589,0.182663182911154,4715,0.0583244962884411,0.151643690349947,0.0655424701623705,0.162389857064695
"OO",2540,0.0188976377952756,0.071259842519685,0.0251582038449877,0.0821793376081237,2542,0.0153422501966955,0.0715971675845791,0.0210929756592767,0.0825336277999779
"UA",55,0.0363636363636364,0.127272727272727,0.133254698620516,0.246160130633728,55,0.0363636363636364,0.181818181818182,0.133254698620516,0.308197129825439
"US",1400,0.0185714285714286,0.04,0.0274052316593703,0.0519327752205908,1398,0.0100143061516452,0.0429184549356223,0.0170857488864993,0.0552039015046546
"WN",28365,0.0194606028556319,0.0658558082143487,0.0211714371326452,0.0688634749840655,28362,0.0184049079754601,0.0637472674705592,0.0200718204642398,0.0667111597690756
