"ORIGIN","n","pfail_raw","pdelay1hr_raw","pfail","pdelay1hr"
"ATL",2763,0.0112196887441187,0.0922909880564604,0.0160536351886888,0.103916578834498
"DCA",1,0,0,0.838178046004133,0.838178046004133
"DFW",2744,0.0481049562682216,0.139577259475219,0.0569796761216015,0.153344305293344
"IAH",2677,0.0242809114680613,0.0784460216660441,0.0310200872142517,0.0894984643302842
