"DEST","n","pfail_raw","pdelay1hr_raw","pfail","pdelay1hr"
"ATL",2760,0.0123188405797101,0.102898550724638,0.0173377699915776,0.115059842973338
"DCA",1,0,0,0.838178046004133,0.838178046004133
"DFW",2743,0.0532263944586219,0.157856361647831,0.0624923677512908,0.172285512730863
"IAH",2678,0.0235250186706497,0.078790141896938,0.0301744679483689,0.0898605487280912
"TYS",1,1,1,1,1
