"DEST","n.x","pfail_raw.x","pdelay1hr_raw.x","pfail.x","pdelay1hr.x","n.y","pfail_raw.y","pdelay1hr_raw.y","pfail.y","pdelay1hr.y"
"ATL",2760,0.0123188405797101,0.102898550724638,0.0173377699915776,0.115059842973338,2763,0.0112196887441187,0.0922909880564604,0.0160536351886888,0.103916578834498
"DCA",1,0,0,0.838178046004133,0.838178046004133,1,0,0,0.838178046004133,0.838178046004133
"DFW",2743,0.0532263944586219,0.157856361647831,0.0624923677512908,0.172285512730863,2744,0.0481049562682216,0.139577259475219,0.0569796761216015,0.153344305293344
"IAH",2678,0.0235250186706497,0.078790141896938,0.0301744679483689,0.0898605487280912,2677,0.0242809114680613,0.0784460216660441,0.0310200872142517,0.0894984643302842
"TYS",1,1,1,1,1,0,0,0,0,0
