"CARRIER","n.x","pfail_raw.x","pdelay1hr_raw.x","pfail.x","pdelay1hr.x","n.y","pfail_raw.y","pdelay1hr_raw.y","pfail.y","pdelay1hr.y"
"DL",327,0.00305810397553517,0.0672782874617737,0.0194814729216514,0.101015294469175,327,0.00305810397553517,0.0336391437308868,0.0194814729216514,0.0606286295925588
"EV",6498,0.0250846414281317,0.111572791628193,0.0292775145306315,0.119628077727706,6500,0.0232307692307692,0.108,0.0272825840207806,0.115945849648407
"MQ",1274,0.0565149136577708,0.1287284144427,0.0709695800677108,0.148698347145693,1274,0.0549450549450549,0.098116169544741,0.0692375501544366,0.11611085315417
"OO",82,0.0975609756097561,0.207317073170732,0.185412660600432,0.31040416403514,82,0.0731707317073171,0.121951219512195,0.155666553750439,0.214263820224622
"UA",2,0,0.5,0.718233512793084,0.908248290463863,2,0,0,0.718233512793084,0.718233512793084
