"CARRIER","n.x","pfail_raw.x","pdelay1hr_raw.x","pfail.x","pdelay1hr.x","n.y","pfail_raw.y","pdelay1hr_raw.y","pfail.y","pdelay1hr.y"
"AS",1101,0.000908265213442325,0.0190735694822888,0.005845607256779,0.0294039053322643,1101,0,0.0263396911898274,0.00436729982164901,0.0379893374128294
"B6",365,0.073972602739726,0.150684931506849,0.106608255154063,0.192099027980956,365,0.0219178082191781,0.10958904109589,0.0440061466716371,0.146887694516543
"OO",4505,0.0284128745837958,0.0934517203107658,0.0338151203729095,0.102496559066598,4505,0.0277469478357381,0.0841287458379578,0.03309362935782,0.09278170727269
"WN",14867,0.0189681845698527,0.0533396112194794,0.0213422910127015,0.0571490450213301,14867,0.0189681845698527,0.0620165467141992,0.0213422910127015,0.0660934522651064
