"DEST","n.x","pfail_raw.x","pdelay1hr_raw.x","pfail.x","pdelay1hr.x","n.y","pfail_raw.y","pdelay1hr_raw.y","pfail.y","pdelay1hr.y"
"ATL",1007,0.0248262164846077,0.0933465739821251,0.0368472760735895,0.113395001721433,1006,0.0159045725646123,0.0864811133200795,0.0261478515224873,0.105957904216336
"DEN",949,0.0189673340358272,0.0969441517386723,0.0302727391516725,0.117953397015526,816,0.0159313725490196,0.102941176470588,0.0276521859046087,0.126277689040113
"DFW",1502,0.0619174434087883,0.179760319573901,0.0756100507855698,0.200436865482887,1501,0.0499666888740839,0.159893404397069,0.06252164978896,0.179735363639229
"DTW",636,0.0157232704402516,0.0943396226415094,0.0294733499604834,0.120259053644391,647,0.0154559505409583,0.0788253477588872,0.0289770381243518,0.102849372895552
"MSP",422,0.00710900473933649,0.0639810426540284,0.0221732712691059,0.0924818615642596,414,0.00966183574879227,0.0821256038647343,0.025989694400035,0.113568471057958
"ORD",3010,0.0651162790697674,0.146511627906977,0.0747187804774945,0.159880112363737,3142,0.0611075747931254,0.137492043284532,0.0702429142208323,0.150249459290734
"MSN",0,0,0,0,0,1,0,0,0.838178046004133,0.838178046004133
