"ORIGIN","n","pfail_raw","pdelay1hr_raw","pfail","pdelay1hr"
"ATL",1006,0.0159045725646123,0.0864811133200795,0.0261478515224873,0.105957904216336
"DEN",816,0.0159313725490196,0.102941176470588,0.0276521859046087,0.126277689040113
"DFW",1501,0.0499666888740839,0.159893404397069,0.06252164978896,0.179735363639229
"DTW",647,0.0154559505409583,0.0788253477588872,0.0289770381243518,0.102849372895552
"MSN",1,0,0,0.838178046004133,0.838178046004133
"MSP",414,0.00966183574879227,0.0821256038647343,0.025989694400035,0.113568471057958
"ORD",3142,0.0611075747931254,0.137492043284532,0.0702429142208323,0.150249459290734
