"CARRIER","n.x","pfail_raw.x","pdelay1hr_raw.x","pfail.x","pdelay1hr.x","n.y","pfail_raw.y","pdelay1hr_raw.y","pfail.y","pdelay1hr.y"
"AA",1314,0.0251141552511416,0.0951293759512938,0.0354127456052232,0.112614153205265,1314,0.0235920852359209,0.0996955859969559,0.0336452060205223,0.117504118514471
"DL",342,0,0.0292397660818713,0.0139313313079211,0.0543554936892586,342,0.00292397660818713,0.0614035087719298,0.0186388761233508,0.0932583332111819
"EV",985,0.0213197969543147,0.108629441624365,0.0328407239572906,0.130127786579797,984,0.0182926829268293,0.0680894308943089,0.0292037246988268,0.086055294287865
"OO",5780,0.0217993079584775,0.094636678200692,0.02599855528062,0.102624841684211,5778,0.0211145725164417,0.122360678435445,0.0252561314588874,0.131249101268937
