"CARRIER","n.x","pfail_raw.x","pdelay1hr_raw.x","pfail.x","pdelay1hr.x","n.y","pfail_raw.y","pdelay1hr_raw.y","pfail.y","pdelay1hr.y"
"DL",6478,0.00401358443964187,0.0342698363692498,0.00594880022276844,0.039094647723214,6476,0.00277949351451513,0.0345892526250772,0.0044645769065439,0.0394348194938723
"EV",4664,0.0471698113207547,0.124142367066895,0.0537879395179504,0.134127708629173,4668,0.0383461868037704,0.101542416452442,0.0443880323190833,0.110734655798327
"F9",1542,0.00648508430609598,0.121271076523995,0.0122259137193836,0.138913333076719,1541,0.00584036340038936,0.123945489941596,0.0113977953981004,0.141742125824304
"MQ",5636,0.0523420865862314,0.132540809084457,0.0586077277475591,0.141838976075177,5635,0.0433007985803017,0.116415261756877,0.0490648904156712,0.125237985072667
"OO",3387,0.0239149689991143,0.0959551225273103,0.0297836902523851,0.106569830985394,3388,0.0194805194805195,0.0867768595041322,0.0248603397345377,0.0969556857941611
