"CARRIER","n.x","pfail_raw.x","pdelay1hr_raw.x","pfail.x","pdelay1hr.x","n.y","pfail_raw.y","pdelay1hr_raw.y","pfail.y","pdelay1hr.y"
"AA",1057,0.0283822138126774,0.0804162724692526,0.040661442316749,0.0988440850484664,1057,0.0245979186376537,0.0823084200567644,0.0362322599197128,0.100904128491846
"DL",1430,0.0034965034965035,0.0454545454545455,0.00856246284407514,0.0578686827965613,1430,0.0027972027972028,0.0328671328671329,0.0075932495337542,0.0437648047094758
"EV",2285,0.0485776805251641,0.133479212253829,0.0584224013191356,0.148365354549584,2285,0.0411378555798687,0.122975929978118,0.0503191756554458,0.137394824274433
"FL",40,0.025,0.05,0.144180058503097,0.177587508113236,40,0,0.025,0.108259025427978,0.144180058503097
"MQ",2077,0.0722195474241695,0.159364467982667,0.0844498139326048,0.17609287888647,2076,0.0684007707129094,0.14354527938343,0.08036265947582,0.159637327177473
"OO",977,0.0255885363357216,0.082906857727738,0.0379697183075599,0.102378209107798,978,0.0204498977505112,0.0777096114519427,0.0318484273919251,0.0966878868716977
"WN",1725,0.0127536231884058,0.0521739130434783,0.0195082240073228,0.0640057710349592,1726,0.0133256083429896,0.0822711471610661,0.0201892963739859,0.0965199179361263
