"CARRIER","n.x","pfail_raw.x","pdelay1hr_raw.x","pfail.x","pdelay1hr.x","n.y","pfail_raw.y","pdelay1hr_raw.y","pfail.y","pdelay1hr.y"
"AA",737,0.0352781546811398,0.096336499321574,0.0517963981368172,0.12041089241443,737,0.0257801899592944,0.103120759837178,0.0405321827450537,0.127811091599573
"DL",1029,0.0087463556851312,0.0417881438289602,0.0170356608499909,0.0562642094431315,1029,0.00485908649173955,0.0369290573372206,0.0118814554996339,0.0507277757329465
"EV",1394,0.0251076040172166,0.106886657101865,0.0350525442218027,0.124614612025928,1393,0.0251256281407035,0.116295764536971,0.0350775519160382,0.134618608243835
"F9",273,0,0.0549450549450549,0.0173942155176133,0.0902135824337642,271,0,0.0885608856088561,0.0175204478783458,0.129832662955662
"MQ",2593,0.0717315850366371,0.16737369841882,0.0825611841768641,0.182554758564774,2594,0.0659213569776407,0.143793369313801,0.076372192076595,0.158131559261034
"OO",1705,0.0299120234604106,0.141348973607038,0.0393988699832078,0.15908453576406,1705,0.0252199413489736,0.126099706744868,0.0340775860562157,0.143082451839921
"UA",699,0.0243204577968526,0.0915593705293276,0.0392591505903467,0.115884168136079,700,0.0257142857142857,0.122857142857143,0.0409322545521007,0.149928876100546
"US",32,0,0.03125,0.131909363437364,0.175461799732094,31,0,0,0.135612178551497,0.135612178551497
"WN",1067,0.0131208997188379,0.0581068416119963,0.0223529578879431,0.0742433039664953,1067,0.0131208997188379,0.0740393626991565,0.0223529578879431,0.0917889326855036
