"DEST","n","pfail_raw","pdelay1hr_raw","pfail","pdelay1hr"
"DEN",1153,0.0147441457068517,0.0945359930615785,0.0238944863406862,0.113254157322227
"DFW",666,0.0195195195195195,0.106606606606607,0.0338190556582303,0.13303022894961
"LAS",286,0.00699300699300699,0.0384615384615385,0.0274907517465793,0.0691297285054705
"LAX",2537,0.0102483247930627,0.0804099329917225,0.0151611708597398,0.0918997363721119
"PDX",1,1,1,1,1
"PHX",687,0.0116448326055313,0.0625909752547307,0.0235580676610493,0.0838960862234669
"SEA",919,0.014145810663765,0.0685527747551687,0.0245750462065607,0.0872658577959284
"SFO",1652,0.0399515738498789,0.14043583535109,0.0508153747664273,0.158424090159548
"SLC",943,0.00530222693531283,0.0222693531283139,0.0129587218377141,0.0342919426278977
