"CARRIER","n.x","pfail_raw.x","pdelay1hr_raw.x","pfail.x","pdelay1hr.x","n.y","pfail_raw.y","pdelay1hr_raw.y","pfail.y","pdelay1hr.y"
"DL",3001,0.00599800066644452,0.0373208930356548,0.00962211566966493,0.04490688398235,3002,0.00466355762824783,0.0386409060626249,0.0079769397343689,0.0463389472772755
"EV",1908,0.0414046121593291,0.106918238993711,0.0515766725329144,0.121922056974916,1908,0.0361635220125786,0.102201257861635,0.0457826589124806,0.116938227738338
"MQ",3501,0.0634104541559554,0.141959440159954,0.0721714608678447,0.154172413187569,3500,0.0542857142857143,0.133428571428571,0.0624836934691491,0.145351051709515
"OO",1140,0.0228070175438597,0.0789473684210526,0.0336124918032627,0.0964998284242172,1140,0.0184210526315789,0.0692982456140351,0.0284045050666036,0.0859712102594214
"UA",450,0.0177777777777778,0.106666666666667,0.0358028938073992,0.139516901887305,451,0.0199556541019956,0.121951219512195,0.0385770920385816,0.156312592042091
"WN",1991,0.0115519839276745,0.0447011551983928,0.0175123537975122,0.0549566793754565,1990,0.0110552763819095,0.0874371859296482,0.0169201684158874,0.10097040489689
