"CARRIER","n.x","pfail_raw.x","pdelay1hr_raw.x","pfail.x","pdelay1hr.x","n.y","pfail_raw.y","pdelay1hr_raw.y","pfail.y","pdelay1hr.y"
"DL",2052,0.00389863547758285,0.0384990253411306,0.00793246879598727,0.0479775609063188,2052,0.00341130604288499,0.0423976608187134,0.0072893255356548,0.0522641375956943
"EV",4080,0.0411764705882353,0.126960784313725,0.0478766665514263,0.13775825500192,4077,0.0375275938189845,0.11822418444935,0.0439652937337585,0.128720538212776
"F9",116,0,0.0775862068965517,0.0400396488532918,0.144349329497649,116,0.00862068965517241,0.0517241379310345,0.0535043856274785,0.112208670070932
"MQ",2261,0.0628040689960195,0.136222910216718,0.0738298272942321,0.151309157053134,2259,0.0540061974324923,0.133244798583444,0.0643624816180065,0.148210078450252
"US",193,0.0103626943005181,0.0155440414507772,0.0404019421598084,0.0477919706046361,193,0.0103626943005181,0.0259067357512953,0.0404019421598084,0.0619118824962198
