"CARRIER","n.x","pfail_raw.x","pdelay1hr_raw.x","pfail.x","pdelay1hr.x","n.y","pfail_raw.y","pdelay1hr_raw.y","pfail.y","pdelay1hr.y"
"AA",677,0.0251107828655835,0.100443131462334,0.0405217674906769,0.126064439281385,676,0.0236686390532544,0.0828402366863905,0.0387826808547169,0.10671689704902
"B6",1002,0.0199600798403194,0.0918163672654691,0.031091143943843,0.111791827382318,1002,0.0159680638722555,0.0568862275449102,0.0262515175696655,0.0734642154028411
"DL",2094,0.00429799426934097,0.0472779369627507,0.00839649064321253,0.0574880705325888,2094,0.00668576886341929,0.0334288443170965,0.0114248981760997,0.0422673113814328
"EV",191,0.0366492146596859,0.178010471204188,0.0762046300555813,0.24018378448598,192,0.0208333333333333,0.140625,0.0552214912771635,0.198681972425455
"F9",1,0,0,0.838178046004133,0.838178046004133,1,0,0,0.838178046004133,0.838178046004133
"FL",560,0.0107142857142857,0.0428571428571429,0.0241428926062616,0.0637592278437369,560,0.00357142857142857,0.0267857142857143,0.014159202772369,0.044540748878184
"MQ",1161,0.0637381567614126,0.164513350559862,0.0797058286876914,0.18745000181294,1162,0.0593803786574871,0.145438898450947,0.0748980763445139,0.167375327673234
"WN",48091,0.01609448753405,0.0751699902268616,0.0172837563922673,0.0776103887038004,48091,0.0186313447422595,0.0709904140067788,0.0199058351424604,0.0733686543605997
