"DEST","n.x","pfail_raw.x","pdelay1hr_raw.x","pfail.x","pdelay1hr.x","n.y","pfail_raw.y","pdelay1hr_raw.y","pfail.y","pdelay1hr.y"
"ATL",2149,0.0321079571893904,0.129362494183341,0.0406744537612205,0.144549217016102,2150,0.0302325581395349,0.118139534883721,0.038585928283602,0.132794007369056
"DTW",168,0.0892857142857143,0.202380952380952,0.144349388954987,0.271340360068054,169,0.0887573964497041,0.21301775147929,0.1435293405176,0.282606627458783
"FLL",728,0.0260989010989011,0.0851648351648352,0.0410283160938811,0.108312227564115,729,0.0301783264746228,0.0809327846364883,0.045888432321268,0.103624033972806
"MCO",1346,0.0260029717682021,0.087667161961367,0.0362945585864327,0.104379641621094,1346,0.0304606240713224,0.101783060921248,0.0414106076031237,0.119505755169471
"ORD",2002,0.0804195804195804,0.163836163836164,0.0934570808736127,0.181061419363068,2002,0.0749250749250749,0.134865134865135,0.0875897642904168,0.150880936162769
"PBI",1130,0.0256637168141593,0.107964601769912,0.0370214011096485,0.127881988286512,1134,0.0317460317460317,0.111992945326279,0.0440432677939409,0.132152402907667
"RSW",364,0.0384615384615385,0.0549450549450549,0.0647395498661663,0.0845002859629693,365,0.0273972602739726,0.0575342465753425,0.0509881258352571,0.0875011564081368
"TPA",363,0.0165289256198347,0.0385674931129477,0.0370432137725936,0.0649146316293746,365,0.0301369863013699,0.0876712328767123,0.0544253083313855,0.122253802448
