"CARRIER","n.x","pfail_raw.x","pdelay1hr_raw.x","pfail.x","pdelay1hr.x","n.y","pfail_raw.y","pdelay1hr_raw.y","pfail.y","pdelay1hr.y"
"AA",835,0.0275449101796407,0.0898203592814371,0.0415374093042855,0.111710632824892,834,0.0239808153477218,0.0803357314148681,0.0372993736826765,0.101330070468577
"DL",981,0.00407747196738022,0.0387359836901121,0.0110497826847124,0.0531874255037083,981,0.00305810397553517,0.0387359836901121,0.00960484356867022,0.0531874255037083
"EV",1935,0.0366925064599483,0.102842377260982,0.0462935815322972,0.117506465672467,1931,0.0372863801139306,0.0947695494562403,0.0469625146435017,0.108976681718873
"MQ",249,0.0682730923694779,0.164658634538153,0.108237397912732,0.217187771211948,250,0.056,0.12,0.093480052611869,0.167626186508051
"OO",2943,0.0411145090044173,0.122663948352022,0.0491052765001058,0.135283747385349,2944,0.0346467391304348,0.132133152173913,0.0420736363074729,0.145126034683632
"UA",470,0.0170212765957447,0.0787234042553192,0.0342984914968256,0.107521390795467,470,0.0148936170212766,0.106382978723404,0.0315248206486537,0.138413794394024
"WN",1695,0.0129793510324484,0.0601769911504425,0.0198519776750785,0.072844010487324,1696,0.0100235849056604,0.058372641509434,0.016275849349343,0.0708785460810922
