"CARRIER","n.x","pfail_raw.x","pdelay1hr_raw.x","pfail.x","pdelay1hr.x","n.y","pfail_raw.y","pdelay1hr_raw.y","pfail.y","pdelay1hr.y"
"DL",2047,0.00683927699071812,0.0405471421592574,0.0116863649995797,0.0502452260133552,2047,0.00537371763556424,0.0395701025891549,0.00984310721548068,0.049170345271248
"EV",3471,0.0319792566983578,0.108038029386344,0.0385357594032125,0.119040586203124,3473,0.0334005182839044,0.102217103368845,0.040078724622953,0.112969909554465
"MQ",2149,0.0577012563983248,0.14704513727315,0.0686405583801071,0.162993983083625,2149,0.0525825965565379,0.13168915774779,0.0631058758649483,0.146980896157942
