"CARRIER","n.x","pfail_raw.x","pdelay1hr_raw.x","pfail.x","pdelay1hr.x","n.y","pfail_raw.y","pdelay1hr_raw.y","pfail.y","pdelay1hr.y"
"B6",8425,0.0105637982195846,0.0621958456973294,0.0130472792373589,0.06767292907574,8425,0.0111572700296736,0.0542433234421365,0.0137007957013107,0.0593979812412854
"OO",1811,0.00717835450027609,0.0425179458862507,0.012514541134104,0.0531048021192545,1811,0.00773053561568194,0.0397570403092214,0.0132036695514203,0.0500552465093322
"US",121,0.00826446280991736,0.0330578512396694,0.0513782395343455,0.0862396652705015,120,0.00833333333333333,0.0416666666666667,0.0517898434887936,0.0979030334804043
