"DEST","n","pfail_raw","pdelay1hr_raw","pfail","pdelay1hr"
"DAL",1651,0.0260448213204119,0.0732889158086008,0.0351859532054246,0.0872150513801784
"DEN",1129,0.0354295837023915,0.0938883968113375,0.0482956517771835,0.112770687464489
"DFW",2191,0.0643541761752624,0.16887266088544,0.075683072654927,0.185491674613648
"HOU",1267,0.0220994475138122,0.0749802683504341,0.0321199037406218,0.0912125539536278
"IAH",2738,0.0314097881665449,0.0945945945945946,0.0388249983697056,0.106394881716414
"LAS",634,0.00788643533123028,0.056782334384858,0.0192200531958396,0.0783009910727334
