"CARRIER","n.x","pfail_raw.x","pdelay1hr_raw.x","pfail.x","pdelay1hr.x","n.y","pfail_raw.y","pdelay1hr_raw.y","pfail.y","pdelay1hr.y"
"DL",2681,0.0115628496829541,0.0607982096232749,0.0165431297758025,0.0707220031734531,2680,0.0115671641791045,0.0600746268656716,0.0165492835243998,0.0699503708059977
"EV",1894,0.0216473072861668,0.101900739176346,0.0294865460380844,0.116678042247745,1895,0.0163588390501319,0.111873350923483,0.0233748611241891,0.12720362904044
"F9",472,0.00635593220338983,0.127118644067797,0.0198499702498666,0.161106392598386,473,0.0126849894291755,0.0930232558139535,0.0285308526918215,0.123467548262314
"FL",1388,0.0144092219020173,0.0770893371757925,0.0224902343021397,0.0927057658051142,1385,0.0115523465703971,0.0620938628158845,0.0190281654889151,0.0764273702279506
"OO",88,0.0454545454545455,0.0909090909090909,0.116701488965582,0.173597218903981,88,0.0113636363636364,0.0340909090909091,0.0696429739101419,0.101618618561333
"WN",80955,0.0261009202643444,0.0867642517447965,0.0272455054043538,0.0887634853157311,80953,0.0283991945943943,0.078403518090744,0.029590575989906,0.0803140525825532
