"CARRIER","n.x","pfail_raw.x","pdelay1hr_raw.x","pfail.x","pdelay1hr.x","n.y","pfail_raw.y","pdelay1hr_raw.y","pfail.y","pdelay1hr.y"
"AA",47022,0.0113351197311897,0.0695631831908468,0.012354787517968,0.0719467243491638,47024,0.0115260292616536,0.0624362027900646,0.0125537345931303,0.0647054046014373
"DL",8862,0.0144436921688107,0.0722184608440533,0.0172158481824915,0.0779163346127742,8863,0.0104930610402798,0.0550603633081349,0.0129005166872134,0.0601140462099789
"EV",2,0,0.5,0.718233512793084,0.908248290463863,2,0,0.5,0.718233512793084,0.908248290463863
"F9",1158,0.0267702936096718,0.201208981001727,0.0381452742223836,0.225803995148578,1154,0.0181975736568458,0.155112651646447,0.0280621168538084,0.177646886928915
"MQ",7470,0.0174029451137885,0.0522088353413655,0.0207083803363495,0.0576057756834575,7466,0.0233056522903831,0.0774176265738012,0.0270707582863421,0.0838365042957067
"OO",202,0.0346534653465347,0.188118811881188,0.0721721763023301,0.249295264436808,202,0.0445544554455446,0.178217821782178,0.0847267899480491,0.238513518681135
"UA",3157,0.0190053848590434,0.0715869496357301,0.0245469186240763,0.0813318036396676,3160,0.0120253164556962,0.0882911392405063,0.0166146965461766,0.0989262786395264
"US",5350,0.0153271028037383,0.0570093457943925,0.0190859059349229,0.063695053616214,5348,0.0093492894540015,0.0510471204188482,0.0123976029629653,0.0574183345847913
