"CARRIER","n.x","pfail_raw.x","pdelay1hr_raw.x","pfail.x","pdelay1hr.x","n.y","pfail_raw.y","pdelay1hr_raw.y","pfail.y","pdelay1hr.y"
"AA",1464,0.0136612021857923,0.0724043715846995,0.0213285244117652,0.0871971722404849,1464,0.0116120218579235,0.103825136612022,0.0188427778496658,0.120900173962127
"AS",2844,0.00210970464135021,0.0274261603375527,0.00479245212158044,0.0342821315491399,2843,0.00633134013366162,0.0253253605346465,0.0101555321603247,0.0319562994124297
"DL",921,0.00651465798045603,0.0532030401737242,0.0147376638444683,0.0701443578146516,921,0,0.0521172638436482,0.00521661374168692,0.0689238984952514
"HA",13546,0.00450317436881736,0.0170530045769969,0.00581827018695916,0.019429155561219,13545,0.00428202288667405,0.0146179401993355,0.0055692370883442,0.0168333264241704
"UA",2301,0.0230334637114298,0.0769230769230769,0.0302188153547749,0.0888061597923401,2301,0.0147761842677097,0.0882225119513255,0.0207834802141855,0.100795058680247
"US",596,0.0302013422818792,0.0402684563758389,0.0479898955091921,0.0599577241603793,596,0.0134228187919463,0.0671140939597315,0.0271193820679038,0.0908326666559997
