"CARRIER","n.x","pfail_raw.x","pdelay1hr_raw.x","pfail.x","pdelay1hr.x","n.y","pfail_raw.y","pdelay1hr_raw.y","pfail.y","pdelay1hr.y"
"AA",2223,0.0251911830859199,0.0850202429149798,0.0327938448379174,0.0976329946531777,2222,0.0238523852385239,0.101710171017102,0.0312884148679814,0.115278962238536
"DL",1546,0.00711513583441138,0.0394566623544631,0.013019870173857,0.050676484125163,1546,0.00711513583441138,0.0304010349288486,0.013019870173857,0.0405012468177021
"EV",2694,0.0226429101707498,0.0939123979213066,0.0291653347722485,0.105778617503227,2695,0.0222634508348794,0.0838589981447124,0.0287388245069973,0.0951817866264095
"F9",390,0.0128205128205128,0.0512820512820513,0.0310768686062142,0.0789725085536886,388,0.0103092783505155,0.0747422680412371,0.027707506944004,0.10634222842679
"FL",80,0,0.0125,0.0570780062383701,0.0762104792509886,79,0,0.0253164556962025,0.0577607456932867,0.0952099317041515
"MQ",1919,0.0573215216258468,0.154247003647733,0.0689237574078766,0.171470452085722,1919,0.0500260552371027,0.149557060969255,0.0609921449157363,0.16658407536178
"OO",2972,0.0181695827725437,0.0797442799461642,0.0237987720903294,0.0902727551690042,2972,0.0148048452220727,0.0898384925975774,0.0199796429089845,0.100902160635835
"UA",382,0.0104712041884817,0.0549738219895288,0.0281366720064821,0.0836826748603517,382,0.00785340314136126,0.0890052356020942,0.0244639298811334,0.122867152325414
"WN",6678,0.0112309074573226,0.050314465408805,0.0141347676606559,0.0559454528421586,6679,0.0106303338823177,0.0673753555921545,0.0134661713363232,0.0737778671915755
