"CARRIER","n.x","pfail_raw.x","pdelay1hr_raw.x","pfail.x","pdelay1hr.x","n.y","pfail_raw.y","pdelay1hr_raw.y","pfail.y","pdelay1hr.y"
"AA",1562,0.0275288092189501,0.087708066581306,0.0371789516734392,0.103134648903291,1561,0.0217809096732864,0.104420243433696,0.0305822222669369,0.120957484756608
"AS",738,0.002710027100271,0.021680216802168,0.0107671209689872,0.0355548898903516,738,0.0040650406504065,0.0284552845528455,0.012745340487554,0.0437221495822137
"DL",278,0,0.0143884892086331,0.0170864517535495,0.0384630584275284,277,0,0.0252707581227437,0.0171471301547613,0.0530360592543184
"OO",5322,0.0293122886133033,0.0928222472754604,0.034315416754667,0.101092260211312,5323,0.0264888220928048,0.0884839376291565,0.0312733857078017,0.0965874083340536
"US",1413,0.00707714083510262,0.0290162774239207,0.0133371946233353,0.0394596706715151,1413,0.00353857041755131,0.0410474168435952,0.00866507861098083,0.053041918549624
"WN",10733,0.00540389453088605,0.0513369980434175,0.00702697095051352,0.0557702081586391,10733,0.00493804155408553,0.0600950340072673,0.00650035940372451,0.0648519901425397
