"CARRIER","n.x","pfail_raw.x","pdelay1hr_raw.x","pfail.x","pdelay1hr.x","n.y","pfail_raw.y","pdelay1hr_raw.y","pfail.y","pdelay1hr.y"
"AA",673,0.0237741456166419,0.0950965824665676,0.0389537940708605,0.120289169432507,673,0.0178306092124814,0.0965824665676077,0.0316182202025386,0.1219195474326
"DL",2779,0.0107952500899604,0.0532565671104714,0.0155402356313745,0.0624598035237882,2779,0.00935588341129903,0.0446203670385031,0.0138446397409957,0.0531569704330677
"EV",2491,0.0413488558811722,0.11641910879165,0.0501234597352804,0.129905380945682,2492,0.0421348314606742,0.107945425361156,0.0509775110886137,0.121027830241934
"MQ",1638,0.0824175824175824,0.158119658119658,0.0970837716503809,0.176998763159167,1636,0.0721271393643032,0.115525672371638,0.0860317880430183,0.132305600342387
"OO",403,0.0272952853598015,0.0992555831265509,0.0493734715313338,0.13335258389738,402,0.0174129353233831,0.111940298507463,0.0367810956808672,0.147520373461159
"US",682,0.0102639296187683,0.0190615835777126,0.0218083257346618,0.0330332542292354,681,0.00587371512481645,0.0308370044052863,0.0158795283379086,0.0473419857697427
"WN",2165,0.0193995381062356,0.0688221709006928,0.0263399025586734,0.0805465691204027,2166,0.0166204986149584,0.100646352723915,0.0231430428451797,0.114341415406805
