"ORIGIN","n","pfail_raw","pdelay1hr_raw","pfail","pdelay1hr"
"ATL",2475,0.00646464646464646,0.0408080808080808,0.0106714076113945,0.0495649992855221
"BNA",656,0.00762195121951219,0.0396341463414634,0.0185808588212265,0.0581152794486987
"DFW",1678,0.0363528009535161,0.106078665077473,0.0467148499213778,0.122090628102689
"HOU",365,0.010958904109589,0.0410958904109589,0.0294281494506592,0.0678970682095982
"IAH",1532,0.022845953002611,0.0809399477806789,0.0319128300773093,0.096034795312207
"MDW",17,0,0,0.223350992216105,0.223350992216105
"MIA",854,0.0187353629976581,0.053864168618267,0.0307643393326076,0.0716354739581839
"ORD",228,0.0307017543859649,0.0745614035087719,0.0641485757451735,0.117901701389303
