"CARRIER","n.x","pfail_raw.x","pdelay1hr_raw.x","pfail.x","pdelay1hr.x","n.y","pfail_raw.y","pdelay1hr_raw.y","pfail.y","pdelay1hr.y"
"AA",417,0.0167865707434053,0.0839328537170264,0.0354762957633944,0.115483713503712,417,0.00479616306954436,0.0983213429256595,0.0189571312891063,0.131655770701533
"DL",2451,0.00530395756833945,0.0448796409628723,0.00925550573759233,0.0540438148261257,2451,0.00611995104039168,0.0403916768665851,0.0102719391511216,0.0491576178350531
"EV",1784,0.023542600896861,0.0835201793721973,0.0319363803377357,0.0976038936053698,1784,0.0241031390134529,0.0801569506726457,0.0325763430504693,0.0940078397869799
"MQ",2115,0.0444444444444444,0.107801418439716,0.054340199450684,0.122056684307601,2115,0.0354609929078014,0.0865248226950355,0.044468199373395,0.09956977091834
"WN",1038,0.0115606936416185,0.0414258188824663,0.0205689759904811,0.0557807187752784,1038,0.00867052023121387,0.0394990366088632,0.0168888141390199,0.0535906158366945
