"DEST","n.x","pfail_raw.x","pdelay1hr_raw.x","pfail.x","pdelay1hr.x","n.y","pfail_raw.y","pdelay1hr_raw.y","pfail.y","pdelay1hr.y"
"ATL",2475,0.00525252525252525,0.0456565656565657,0.00916599289344723,0.054838333813139,2475,0.00646464646464646,0.0408080808080808,0.0106714076113945,0.0495649992855221
"BNA",656,0.0106707317073171,0.0335365853658537,0.0226650764957817,0.050936613080429,656,0.00762195121951219,0.0396341463414634,0.0185808588212265,0.0581152794486987
"DFW",1680,0.0458333333333333,0.118452380952381,0.0572175869938127,0.135159702435458,1678,0.0363528009535161,0.106078665077473,0.0467148499213778,0.122090628102689
"HOU",365,0.010958904109589,0.0493150684931507,0.0294281494506592,0.07777372120969,365,0.010958904109589,0.0410958904109589,0.0294281494506592,0.0678970682095982
"IAH",1532,0.0241514360313316,0.0783289817232376,0.033418237042797,0.0932260889744502,1532,0.022845953002611,0.0809399477806789,0.0319128300773093,0.096034795312207
"MDW",17,0.0588235294117647,0.176470588235294,0.295577852521385,0.423980966275911,17,0,0,0.223350992216105,0.223350992216105
"MIA",852,0.028169014084507,0.0751173708920188,0.0421051028143424,0.0953377657149646,854,0.0187353629976581,0.053864168618267,0.0307643393326076,0.0716354739581839
"ORD",228,0.0219298245614035,0.114035087719298,0.0526338901006353,0.163464861958987,228,0.0307017543859649,0.0745614035087719,0.0641485757451735,0.117901701389303
