"CARRIER","n.x","pfail_raw.x","pdelay1hr_raw.x","pfail.x","pdelay1hr.x","n.y","pfail_raw.y","pdelay1hr_raw.y","pfail.y","pdelay1hr.y"
"AA",1090,0.0220183486238532,0.0871559633027523,0.0329763501394935,0.105853927335881,1090,0.0165137614678899,0.0788990825688073,0.0263822095784166,0.0968841529874595
"AS",1737,0.00172711571675302,0.0379965457685665,0.00543693828009851,0.0483441320864708,1737,0.00172711571675302,0.0489349453080023,0.00543693828009851,0.0604150970203004
"DL",152,0.0131578947368421,0.0460526315789474,0.0509511854765551,0.095027897822852,152,0,0.0197368421052632,0.0308348570135704,0.0602556631303832
"F9",45,0,0.0666666666666667,0.0973490362380913,0.188527096059425,45,0,0.0666666666666667,0.0973490362380913,0.188527096059425
"OO",7221,0.0196648663619997,0.0900152333471818,0.0232193254967564,0.0969840606036744,7220,0.0138504155124654,0.0662049861495845,0.0168958889729749,0.0723057922844382
"UA",288,0,0.0347222222222222,0.016502479750497,0.0643299638195252,288,0,0.0277777777777778,0.016502479750497,0.0555318997033406
"VX",229,0.00873362445414847,0.122270742358079,0.034186766514696,0.172639218699293,229,0.00436681222707424,0.109170305676856,0.0276469024948071,0.157818204068268
"EV",0,0,0,0,0,1,0,0,0.838178046004133,0.838178046004133
