"CARRIER","n.x","pfail_raw.x","pdelay1hr_raw.x","pfail.x","pdelay1hr.x","n.y","pfail_raw.y","pdelay1hr_raw.y","pfail.y","pdelay1hr.y"
"B6",1094,0.0191956124314442,0.119744058500914,0.0295907761833985,0.140822511134232,1094,0.0164533820840951,0.0585009140767824,0.0262863732929636,0.0744555365539754
"DL",3264,0.00582107843137255,0.0386029411764706,0.00922143712809154,0.0459546692109275,3264,0.00612745098039216,0.0416666666666667,0.00959277924491258,0.0492635456145561
"EV",3683,0.0407276676622319,0.133586749932121,0.0477743529511118,0.145204020163466,3683,0.0331251696986153,0.11186532717893,0.0395696631446705,0.122685456834833
"MQ",958,0.0459290187891441,0.115866388308977,0.0615762749618434,0.138225200012183,958,0.034446764091858,0.102296450939457,0.0484562613000687,0.123629919357397
