"CARRIER","n.x","pfail_raw.x","pdelay1hr_raw.x","pfail.x","pdelay1hr.x","n.y","pfail_raw.y","pdelay1hr_raw.y","pfail.y","pdelay1hr.y"
"AA",1325,0.020377358490566,0.08,0.0298360964965461,0.0962544742621382,1325,0.0181132075471698,0.0875471698113208,0.0271616186752004,0.104393269142095
"AS",2241,0.00223114680946006,0.0209727800089246,0.00547137934201196,0.0279939301270151,2240,0.00178571428571429,0.01875,0.00485402213187267,0.0254615826865346
"B6",1033,0.00968054211035818,0.0687318489835431,0.0182140796056317,0.0862830997043005,1033,0.0116166505324298,0.0726040658276863,0.0206679160488374,0.0905359674736438
"DL",1943,0.00154400411734431,0.0200720535254761,0.00486203899414022,0.027565841713162,1943,0.00205867215645908,0.0277920741121976,0.00559395231458614,0.036337864729914
"HA",365,0.00273972602739726,0.0410958904109589,0.0174796508480862,0.0678970682095982,365,0.00547945205479452,0.0438356164383562,0.0216213027333306,0.0712079563999186
"OO",7413,0.0345339268852017,0.0991501416430595,0.0390401890914106,0.106313516624301,7410,0.0311740890688259,0.0889338731443995,0.0354795161656292,0.0957747710604022
"UA",2446,0.0118560915780867,0.0506950122649223,0.0171693286495789,0.0603530777918148,2445,0.0065439672801636,0.0879345603271984,0.0108019766087978,0.100092404017325
"US",1954,0.0102354145342886,0.0373592630501535,0.0159999904719387,0.0469793377596241,1954,0.00614124872057318,0.0368474923234391,0.010958382714728,0.0464128732658337
"WN",22375,0.00728491620111732,0.0461675977653631,0.00851671577157562,0.0490565857368375,22375,0.0066145251396648,0.0548379888268156,0.007793586321134,0.0579633477044615
