"CARRIER","n.x","pfail_raw.x","pdelay1hr_raw.x","pfail.x","pdelay1hr.x","n.y","pfail_raw.y","pdelay1hr_raw.y","pfail.y","pdelay1hr.y"
"AA",4871,0.0205296653664545,0.0619995894066927,0.025022888228318,0.0692854206036371,4871,0.01806610552248,0.0593307329090536,0.0223174786737754,0.0664786672296435
"AS",3550,0.00591549295774648,0.0253521126760563,0.00916167024642826,0.031213676194604,3549,0.00563539025077487,0.0225415610030995,0.00882402015196907,0.0281172418523574
"DL",2788,0.00502152080344333,0.024390243902439,0.00858776662930045,0.0309892925032237,2788,0.00358680057388809,0.0193687230989957,0.00677410405051516,0.0253638159521937
"F9",1083,0.000923361034164358,0.0406278855032318,0.00594233490644587,0.0545303962512559,1082,0.00462107208872458,0.0295748613678373,0.0113024138186019,0.0418765187233919
"FL",81,0.0246913580246914,0.0493827160493827,0.0929970381263037,0.126151886693287,80,0.0125,0.05,0.0762104792509886,0.127628270890675
"OO",2827,0.0251149628581535,0.100813583303856,0.0317436430380006,0.112723001984154,2827,0.0201627166607711,0.067916519278387,0.0262103031606935,0.0780237966581206
"UA",5568,0.0165229885057471,0.0797413793103448,0.020320614210606,0.0873136693613994,5568,0.0167025862068966,0.0675287356321839,0.0205180717830458,0.0745768732787266
"US",1480,0.00608108108108108,0.0310810810810811,0.0118656467036301,0.041529967419408,1480,0.00540540540540541,0.0351351351351351,0.0109859906685036,0.0461098810761809
"WN",17121,0.0107470358039834,0.048770515740903,0.0124454207535759,0.0521711044858773,17124,0.00981079187105816,0.0366152768044849,0.0114401609786008,0.0395977411014802
