"CARRIER","n.x","pfail_raw.x","pdelay1hr_raw.x","pfail.x","pdelay1hr.x","n.y","pfail_raw.y","pdelay1hr_raw.y","pfail.y","pdelay1hr.y"
"AA",3086,0.0252754374594945,0.0826312378483474,0.0316037082112833,0.0931068471182156,3086,0.0213869086195723,0.101101749837978,0.0272847711856937,0.112489056286684
"AS",383,0.00261096605744125,0.0287206266318538,0.0166683430039019,0.0519094347817295,382,0.00523560209424084,0.0209424083769634,0.0206715560587222,0.042077962291467
"DL",883,0.00566251415628539,0.0249150622876557,0.0138338011313985,0.0379532084128578,883,0.00453001132502831,0.0351075877689694,0.0122687509636563,0.0499136173220229
"EV",876,0.0171232876712329,0.0684931506849315,0.0285979226230999,0.0877080961404107,876,0.0171232876712329,0.0536529680365297,0.0285979226230999,0.0711416419644469
"OO",6828,0.0121558289396602,0.0596074985354423,0.015123540015421,0.06560569554215,6828,0.0114235500878735,0.0748388986526069,0.0143125734119742,0.0814644498311704
"US",8,0,0.125,0.381832408122634,0.5,8,0,0.125,0.381832408122634,0.5
"WN",4694,0.0063911376224968,0.0485726459309757,0.00921139027525466,0.055253238676138,4693,0.0044747496271042,0.066055827828681,0.00693381951772907,0.073692479822449
