"n","pfail_raw","pdelay1hr_raw","pfail","pdelay1hr"
4881735,0.0176832622008364,0.0752138327869088,0.0178029612487294,0.0754529142372899
